	frequency
the	3772
and	2212
of	2174
to	2102
i	1694
a	1670
he	1540
you	1445
that	1362
it	1343
in	1210
was	1083
his	995
is	906
had	833
him	661
with	659
for	587
as	571
at	564
have	561
me	523
not	474
be	454
her	439
she	431
t	418
dorian	414
what	399
but	396
one	393
are	372
on	357
there	337
they	318
would	308
my	303
all	294
said	262
s	262
don	255
from	254
were	251
lord	248
so	248
henry	237
been	236
am	232
life	232
an	229
like	227
who	224
if	224
about	223
or	219
by	218
when	218
no	218
your	207
some	205
them	203
will	201
gray	199
do	185
man	180
harry	177
know	176
never	176
over	175
has	169
we	169
into	159
basil	158
their	156
out	156
must	154
up	150
how	149
this	148
then	147
can	147
more	136
could	136
now	134
good	133
own	130
things	128
think	127
something	126
its	126
very	123
come	123
see	122
than	121
thing	121
us	121
seemed	119
which	119
should	115
go	115
love	112
only	111
time	110
always	110
made	110
eyes	109
face	107
quite	107
too	106
himself	106
want	105
after	103
really	103
room	102
down	101
people	101
back	100
came	100
any	100
did	100
away	99
night	98
cried	95
looked	94
world	93
tell	93
say	93
nothing	93
why	92
much	91
look	91
hallward	91
going	87
mr	87
little	87
answered	87
sibyl	87
yes	85
upon	84
thought	84
through	84
round	80
once	80
shall	79
ever	78
told	77
art	77
such	77
day	77
felt	76
great	75
long	74
most	74
men	74
before	73
dear	73
again	72
our	72
yet	72
young	72
other	72
looking	70
everything	69
lady	69
picture	69
soul	68
moment	68
anything	67
well	67
women	66
let	66
hand	66
door	65
those	65
two	64
being	63
went	63
asked	61
old	61
across	61
might	61
afraid	61
passed	60
make	59
table	59
white	59
wonderful	58
vane	58
lips	57
sir	56
beauty	56
left	55
every	54
better	54
turned	54
got	54
where	54
head	53
house	53
hands	52
lad	52
portrait	52
here	51
course	51
done	50
oh	50
right	49
believe	49
even	49
gold	49
true	49
still	49
last	48
knew	48
horrible	48
work	48
curious	48
first	48
voice	47
rather	47
myself	47
name	47
suddenly	47
strange	46
passion	46
found	46
whose	46
get	45
pleasure	45
take	45
way	45
began	44
mother	44
saw	44
beautiful	44
just	44
duchess	44
dreadful	43
talk	43
woman	43
charming	43
against	42
murmured	42
put	42
wish	42
simply	41
girl	41
secret	41
red	41
real	41
few	41
many	41
seen	41
laughed	41
dead	41
wonder	40
painter	40
terrible	40
play	40
each	40
met	40
perhaps	40
though	39
give	39
years	39
absolutely	39
merely	39
because	39
often	38
indeed	37
heard	37
youth	37
bad	37
used	37
new	37
past	37
feel	36
mad	36
whole	36
yourself	36
having	36
behind	36
boy	36
certainly	36
half	35
ah	35
mind	35
suppose	35
forget	35
stood	34
air	34
place	34
sense	34
took	34
death	33
sure	33
find	33
almost	33
matter	33
rose	33
music	33
does	33
alan	33
joy	33
may	32
answer	32
won	32
words	32
painted	32
ask	32
hideous	32
cannot	31
sat	31
feet	31
chair	31
pain	30
mean	30
friend	30
coloured	30
age	30
poor	30
became	30
nature	30
reason	30
same	30
black	30
read	30
fancy	29
opened	29
without	29
god	29
friends	29
sorry	29
terror	29
artist	29
hair	29
help	29
delightful	29
live	28
end	28
shook	28
home	28
seems	28
become	28
makes	28
blue	28
body	28
sin	28
wild	28
moments	28
campbell	28
whom	28
heart	27
heavy	27
known	27
call	27
three	27
brought	27
morning	27
book	27
kind	27
these	27
garden	27
sins	27
late	26
entered	26
expression	26
evening	26
gone	26
happy	26
large	26
besides	26
charm	26
sit	26
exquisite	26
try	26
light	26
off	26
times	25
others	25
fingers	25
understand	25
either	25
monstrous	25
both	24
smile	24
days	24
married	24
romance	24
green	24
lives	24
brain	24
clock	24
till	24
silver	24
set	24
chapter	24
remember	24
walked	24
together	24
gentleman	24
word	24
else	24
passions	23
conscious	23
perfectly	23
influence	23
front	23
drew	23
blood	23
however	23
canvas	23
senses	23
mere	23
sometimes	23
itself	23
exclaimed	22
wife	22
called	22
broke	22
changed	22
perfect	22
fellow	22
laughing	22
hour	22
narborough	22
hope	22
son	22
money	22
yellow	22
best	22
gave	22
colour	21
manner	21
next	21
certain	21
loved	21
remembered	21
form	21
between	21
sort	21
happened	21
james	21
window	21
enough	21
coat	21
street	21
spoke	21
far	21
act	21
minutes	21
leave	21
servant	21
horror	21
smiling	20
flung	20
given	20
watched	20
didn	20
care	20
feeling	20
club	20
laugh	20
change	20
theatre	20
part	20
hear	20
lying	20
de	20
bear	20
self	20
died	20
bye	20
least	20
dinner	20
grew	20
leaves	20
soon	20
prince	19
speak	19
whatever	19
except	19
present	19
serious	19
london	19
cold	19
filled	19
memory	19
rate	19
also	19
arm	19
kept	19
point	19
fell	19
keep	19
glanced	19
extraordinary	19
subtle	19
coming	19
someone	19
less	19
studio	18
use	18
started	18
shame	18
painting	18
paris	18
waiting	18
idea	18
says	18
themselves	18
already	18
wrong	18
five	18
screen	18
marriage	18
scarlet	18
tired	18
open	18
fact	18
touch	18
dress	18
horribly	18
entirely	18
while	18
slowly	18
tea	18
ago	18
interest	18
doing	18
key	18
anyone	18
fire	18
stirred	17
smiled	17
talking	17
taking	17
bring	17
close	17
low	17
marvellous	17
months	17
huge	17
mouth	17
glad	17
child	17
impossible	17
tragedy	17
muttered	17
another	17
watch	17
crept	17
lost	17
flower	17
towards	17
alone	17
society	17
taken	17
write	17
wanted	17
pity	17
england	16
followed	16
silly	16
o	16
full	16
hardly	16
killed	16
sitting	16
send	16
evil	16
stay	16
common	16
century	16
fantastic	16
horrid	16
personality	16
imagination	16
terribly	16
since	16
shallow	16
hung	16
upstairs	16
different	16
glass	16
tears	15
fear	15
jim	15
saying	15
marry	15
english	15
vulgar	15
purple	15
stained	15
chance	15
husband	15
played	15
herself	15
under	15
shadows	15
cigarette	15
touched	15
agatha	15
absurd	15
pale	15
silk	15
acting	15
sent	15
lines	15
person	15
stopped	15
sought	14
grace	14
country	14
gilt	14
ten	14
fascinating	14
meet	14
lamp	14
appeared	14
intellectual	14
box	14
telling	14
reached	14
flowers	14
experience	14
die	14
modern	14
note	14
standing	14
thin	14
corner	14
question	14
subject	14
romantic	14
rich	14
silent	14
twenty	14
letter	14
aunt	14
nearly	14
desire	13
moved	13
story	13
valet	13
reality	13
opera	13
uncle	13
shoulders	13
arms	13
breath	13
seven	13
type	13
looks	13
juliet	13
fond	13
stage	13
dim	13
dull	13
bit	13
scene	13
show	13
strangely	13
sigh	13
lip	13
taught	13
covered	13
visible	13
small	13
library	13
surely	13
ran	13
alter	13
lovely	13
sound	13
extremely	13
dressed	13
curiosity	13
sighed	13
means	13
forgive	13
whispered	13
top	13
hidden	13
mode	13
erskine	13
lit	13
father	13
kill	13
able	13
making	13
side	13
store	12
curtain	12
geoffrey	12
knows	12
revealed	12
forehead	12
worship	12
houses	12
genius	12
ill	12
cruel	12
year	12
beginning	12
conscience	12
embroidered	12
discovered	12
summer	12
wondered	12
pay	12
within	12
stop	12
yesterday	12
interesting	12
boyhood	12
pretty	12
windows	12
rough	12
grave	12
doesn	12
listen	12
crime	12
caught	12
forgotten	12
lived	12
ideal	12
wind	12
afterwards	12
determined	12
whether	12
bright	12
lose	12
trying	12
selby	12
mist	12
morrow	12
sunlight	12
seem	12
lay	12
mine	12
effect	12
trouble	12
nowadays	12
knife	12
town	11
troubled	11
ourselves	11
giving	11
worth	11
roses	11
scientific	11
tragic	11
foolish	11
mrs	11
shown	11
spirit	11
hall	11
tedious	11
spoiled	11
wrought	11
shaped	11
annoyed	11
escape	11
silence	11
birds	11
dine	11
early	11
curiously	11
value	11
jealous	11
placed	11
gazing	11
sick	11
beside	11
paper	11
lead	11
piece	11
floor	11
closed	11
public	11
putting	11
eight	11
hat	11
sailor	11
somewhat	11
doubt	11
second	11
hate	11
cheeks	11
shot	11
bell	11
cry	11
finished	11
understood	11
walking	11
dark	11
cut	11
struck	11
ear	11
sudden	11
continued	11
deal	11
six	11
sky	11
george	11
during	11
laid	11
ready	10
assure	10
safe	10
history	10
prayer	10
frowned	10
fine	10
blossoms	10
waited	10
thrust	10
exhibit	10
written	10
trust	10
sleep	10
third	10
shadow	10
drove	10
sister	10
thinking	10
eye	10
worse	10
wine	10
beneath	10
hundred	10
everybody	10
presence	10
park	10
infinite	10
dream	10
future	10
deep	10
week	10
adrian	10
elaborate	10
cruelty	10
dreadfully	10
kissed	10
month	10
hard	10
hated	10
hesitated	10
playing	10
intellect	10
realise	10
indifferent	10
sad	10
living	10
view	10
sorrow	10
case	10
pure	10
comes	10
throat	10
led	10
faces	10
murdered	10
worshipped	10
fatal	10
straight	10
threw	10
horse	10
gladys	10
murder	10
grow	10
altered	10
king	10
corruption	9
locked	9
wondering	9
brother	9
rushed	9
younger	9
cup	9
turning	9
pink	9
winter	9
faint	9
mask	9
charmed	9
queen	9
quarrel	9
secrets	9
golden	9
watching	9
ivory	9
allowed	9
held	9
study	9
leaning	9
high	9
shrugged	9
duke	9
madness	9
hansom	9
sofa	9
natural	9
science	9
eleven	9
ugly	9
jewelled	9
coarse	9
moral	9
bound	9
francis	9
interested	9
wotton	9
fall	9
showed	9
passing	9
aside	9
marred	9
burden	9
shaking	9
fashionable	9
nice	9
older	9
greek	9
water	9
stir	9
turn	9
thomas	9
ceased	9
frame	9
clever	9
delicate	9
friendship	9
nonsense	9
fascinated	9
shrill	9
image	9
promised	9
ground	9
books	9
wall	9
spent	9
actress	9
wicked	8
moods	8
sorrows	8
four	8
remarked	8
paint	8
hubbard	8
meant	8
dangerous	8
creature	8
kelso	8
peril	8
creeping	8
polished	8
appearance	8
possible	8
seated	8
position	8
mock	8
colours	8
mystery	8
tremulous	8
confession	8
several	8
poison	8
stepped	8
purity	8
misshapen	8
confess	8
missed	8
bed	8
wants	8
burning	8
anybody	8
nor	8
dust	8
wrote	8
ruin	8
repeated	8
dreams	8
piano	8
run	8
singleton	8
somewhere	8
pallid	8
fascination	8
places	8
remain	8
added	8
coffee	8
jew	8
longer	8
among	8
strong	8
awfully	8
broken	8
brown	8
emotions	8
twice	8
theory	8
unconscious	8
nine	8
tried	8
quarter	8
fault	8
knock	8
wrinkled	8
isn	8
handkerchief	8
figure	8
pearls	8
scenes	8
follow	8
passionate	8
scandal	8
thirty	8
bored	8
refuse	8
dawn	8
destroyed	8
simple	8
move	8
examined	8
wore	8
grass	8
free	8
square	8
wait	8
choice	8
letters	8
train	8
moon	8
eighteen	8
stretched	8
nineteenth	8
french	8
none	8
worn	8
vanity	8
shoulder	8
listlessly	8
short	8
artistic	7
streets	7
clear	7
shut	7
grown	7
views	7
wood	7
outside	7
yours	7
drive	7
season	7
evidence	7
reveal	7
dog	7
object	7
happiness	7
wretched	7
orders	7
spoken	7
gods	7
pride	7
companion	7
fresh	7
weeks	7
odour	7
bitter	7
gallery	7
stern	7
echoed	7
novel	7
explain	7
trembling	7
dressing	7
emotion	7
phrase	7
harsh	7
talked	7
shudder	7
victor	7
frightened	7
ugliness	7
race	7
reminded	7
rejoined	7
grotesque	7
drawing	7
pause	7
principles	7
becomes	7
gives	7
rage	7
growing	7
thoroughly	7
hide	7
hours	7
lunch	7
afternoon	7
virtues	7
artists	7
leaving	7
along	7
class	7
grey	7
marble	7
romeo	7
elder	7
cure	7
forward	7
instinct	7
pass	7
strolled	7
importance	7
steps	7
dare	7
explained	7
suffered	7
flushed	7
servants	7
temperament	7
shakespeare	7
graceful	7
laughter	7
vain	7
thread	7
mirror	7
earth	7
attention	7
sake	7
admit	7
swept	7
sensations	7
liked	7
eyebrows	7
smoke	7
rang	7
gravely	7
destroy	7
mood	7
complex	7
wasn	7
direction	7
vivid	7
suffer	7
buried	7
empty	7
price	7
finally	7
tells	7
heavens	7
propose	7
mysterious	7
replied	7
seeing	7
stand	7
proud	7
dominated	7
single	7
moving	7
smoking	7
method	7
american	7
bowed	7
twelve	7
offered	7
delight	7
guests	7
party	7
miss	7
parted	7
engaged	7
thoughts	7
everyone	6
venetian	6
plays	6
shuddered	6
particular	6
audience	6
stared	6
ears	6
wings	6
rings	6
page	6
middle	6
paid	6
rising	6
pearl	6
philosophy	6
pose	6
forest	6
purely	6
winced	6
account	6
americans	6
greatest	6
ways	6
produced	6
sweet	6
hetty	6
burned	6
mention	6
dusky	6
later	6
nobody	6
stain	6
wise	6
absolute	6
heaven	6
hoarse	6
hostess	6
lonely	6
dreamed	6
existence	6
wounded	6
character	6
carried	6
fearful	6
curves	6
thrown	6
girls	6
wealth	6
various	6
ll	6
probably	6
quickly	6
cheek	6
languidly	6
wonderfully	6
rid	6
speaking	6
remind	6
easily	6
suffering	6
power	6
inquest	6
seat	6
stars	6
quietly	6
born	6
loves	6
finely	6
impression	6
singing	6
difference	6
terms	6
search	6
satisfied	6
pit	6
figured	6
dining	6
according	6
foot	6
danced	6
amused	6
politics	6
faded	6
warning	6
east	6
cigarettes	6
slow	6
nerves	6
luxury	6
nervous	6
wake	6
mar	6
accident	6
adored	6
flame	6
olive	6
state	6
sign	6
unjust	6
sordid	6
regret	6
dry	6
cap	6
calm	6
exercise	6
badly	6
bow	6
devoted	6
goes	6
truth	6
forms	6
stones	6
excellent	6
loathsome	6
amazement	6
innocent	6
sacrifice	6
bar	6
farm	6
amongst	6
disappointed	6
fellows	6
rule	6
poetry	6
keeping	6
useless	6
lace	6
road	6
mirrors	6
shy	6
seized	6
dainty	6
return	6
tossed	6
kiss	6
shabby	6
force	6
royal	6
theories	6
courage	6
neither	6
calls	6
spring	6
gain	6
america	6
bag	6
distinction	6
stories	6
brandon	6
trees	6
insisted	6
perfume	6
dragged	6
drawn	6
bitterly	5
oxford	5
style	5
crimson	5
doors	5
fallen	5
scented	5
rooms	5
grandson	5
allow	5
eyelids	5
opposite	5
satin	5
fair	5
chest	5
wildly	5
borne	5
lover	5
darkness	5
pleasant	5
committed	5
honour	5
possibly	5
downstairs	5
necessary	5
reflection	5
conversation	5
sadly	5
regrets	5
action	5
compliment	5
edition	5
unreal	5
limbs	5
imagine	5
mistake	5
louis	5
rosalind	5
peace	5
treats	5
orchids	5
hot	5
gleamed	5
relations	5
ain	5
copper	5
opinion	5
carpet	5
punished	5
enter	5
midnight	5
trembled	5
important	5
duty	5
physical	5
church	5
spotted	5
tore	5
absorbed	5
pavement	5
contempt	5
grandfather	5
clothes	5
described	5
judge	5
post	5
curtains	5
forced	5
practical	5
lend	5
distance	5
globe	5
blush	5
signs	5
blown	5
wilful	5
address	5
master	5
degradation	5
daughter	5
private	5
exhibition	5
result	5
sun	5
annoyance	5
leaped	5
fortunate	5
ruxton	5
sum	5
stupid	5
neck	5
arts	5
pointed	5
thicket	5
pleasures	5
dartmoor	5
unbearable	5
quickened	5
facts	5
splendid	5
property	5
special	5
gleam	5
surprise	5
due	5
brute	5
spoil	5
shan	5
consolation	5
proper	5
recognise	5
standard	5
loathed	5
mustn	5
hanging	5
separated	5
la	5
smart	5
habit	5
loathing	5
immoral	5
angry	5
pulled	5
thousand	5
shutting	5
save	5
tragedies	5
hearing	5
denial	5
gas	5
order	5
musical	5
anywhere	5
company	5
thanks	5
triumph	5
sounded	5
pray	5
shameful	5
pattern	5
hurried	5
veil	5
following	5
star	5
loveliness	5
awful	5
lamps	5
ideas	5
d	5
grosvenor	5
pocket	5
disappointment	5
plain	5
pall	5
express	5
honey	5
latch	5
petals	5
danger	5
sooner	5
line	5
twisted	5
plate	5
details	5
boyish	5
commit	5
laboratory	5
worthy	5
devereux	5
strangled	5
reputation	5
error	5
human	5
fixed	5
introduce	5
shuddering	5
selfish	5
velvet	5
cool	5
dislike	5
sea	5
beg	5
listened	5
sympathy	5
false	5
animal	5
noble	5
wandering	5
searching	5
suggested	5
prejudices	5
poisonous	5
linger	5
grinning	5
describe	5
melancholy	5
likes	5
actual	5
divan	5
thinks	5
tray	5
listening	5
exactly	5
costume	5
around	5
monmouth	5
basis	5
service	5
fog	5
shooting	5
whisper	5
lack	5
hers	5
damask	5
dropped	5
completely	5
thank	5
excuse	5
ordinary	5
existed	5
fancied	5
literature	5
seriously	5
useful	5
conservatory	5
host	5
british	5
characteristic	5
heaved	5
italian	5
highly	5
shapes	5
finer	5
psychological	5
withered	5
policeman	5
gorgeous	5
bore	5
admirable	5
need	5
explanation	5
teach	5
shape	5
spare	5
frowning	5
failure	5
puzzled	4
lights	4
struggled	4
below	4
accept	4
dimly	4
victoria	4
terrifies	4
crushed	4
interrupted	4
worked	4
sullen	4
fashioned	4
mantel	4
curled	4
advantage	4
throw	4
join	4
taste	4
served	4
wasted	4
fan	4
suit	4
dripping	4
imogen	4
unchanged	4
madly	4
tone	4
motive	4
development	4
necessity	4
saved	4
unkind	4
violin	4
crowded	4
knowledge	4
fifteen	4
culture	4
devil	4
tremble	4
walk	4
sickly	4
gautier	4
startled	4
carbuncles	4
beating	4
please	4
wearing	4
flesh	4
feels	4
mentioned	4
biting	4
concealed	4
learn	4
helped	4
faithful	4
burgundy	4
tuesday	4
infamous	4
gracious	4
closing	4
pleased	4
flashed	4
unlocked	4
near	4
dramatic	4
create	4
fully	4
daresay	4
jealousy	4
vice	4
heel	4
compared	4
forty	4
office	4
japanese	4
corrupt	4
sympathise	4
actually	4
engagement	4
fibre	4
breakfast	4
strike	4
sitter	4
forgot	4
aged	4
loses	4
motionless	4
thrill	4
begun	4
paradox	4
spared	4
mysteries	4
commonplace	4
succeeded	4
suicide	4
afford	4
hadn	4
returned	4
dared	4
trivial	4
st	4
parrot	4
seventeen	4
vile	4
sur	4
recognised	4
consciousness	4
higher	4
tapestries	4
agony	4
console	4
deadly	4
tarnished	4
cell	4
finest	4
ulster	4
creep	4
flitted	4
coldly	4
knees	4
finish	4
highest	4
candle	4
remorse	4
ending	4
forgetfulness	4
corners	4
stick	4
asking	4
impulse	4
origin	4
harmony	4
lifted	4
lined	4
realism	4
yards	4
brutal	4
emotional	4
dew	4
experiment	4
malady	4
crush	4
owe	4
inseparable	4
background	4
voices	4
treadley	4
shouldn	4
dominant	4
opium	4
china	4
eat	4
platform	4
goodness	4
insist	4
lacquer	4
raised	4
threads	4
assistant	4
isaacs	4
inquired	4
sight	4
stranger	4
hero	4
disappearance	4
gradually	4
rode	4
marked	4
handsome	4
faced	4
turquoise	4
symbol	4
entitled	4
stirring	4
poisoned	4
berwick	4
goods	4
press	4
spilt	4
couch	4
australia	4
waves	4
getting	4
landing	4
monsieur	4
premature	4
chapman	4
nostrils	4
driver	4
classes	4
morbid	4
lie	4
believed	4
lodging	4
chopin	4
relief	4
charles	4
wished	4
masterpiece	4
lantern	4
title	4
intended	4
tall	4
breaking	4
represent	4
ruined	4
children	4
belongs	4
consequently	4
picked	4
twitched	4
information	4
creation	4
draw	4
nervously	4
wandered	4
business	4
elements	4
quick	4
minute	4
paused	4
ceiling	4
tear	4
drop	4
chatter	4
reading	4
congratulate	4
dumb	4
sleeves	4
enemies	4
bill	4
illusion	4
echo	4
metal	4
ferrol	4
asleep	4
yield	4
leaden	4
step	4
laden	4
keeper	4
throbbing	4
fifty	4
caused	4
orange	4
somebody	4
stamped	4
l	4
loveliest	4
leaf	4
curved	4
likeness	4
wherever	4
carrying	4
husbands	4
cloth	4
influences	4
strained	4
especially	4
changing	4
spite	4
ages	4
dragon	4
enamoured	4
bottle	4
hare	4
appreciate	4
feast	4
calling	4
maker	4
gape	4
buttonhole	4
tearing	4
haggard	4
adore	4
sees	4
nerve	4
buzzed	4
margaret	4
keenly	4
crowd	4
obliged	4
sensual	4
adoration	4
discover	4
christ	4
ethical	4
intensified	4
cowardice	4
ashes	4
morals	4
waving	4
fill	4
temper	4
omen	4
ladies	4
couldn	4
description	4
fly	4
slightly	4
crawled	4
touching	4
gestures	4
intimate	4
becoming	4
hastily	4
leather	4
rest	4
gilded	4
appeal	4
stifled	4
loss	4
catching	4
fermor	4
matters	4
wire	4
situation	4
unfortunate	4
pages	4
tawdry	4
veins	4
carved	4
fatality	4
throwing	4
formal	4
priest	4
habits	4
crude	4
strongly	4
mockery	4
member	4
dominate	4
volume	4
privilege	4
charmingly	4
reed	4
chamber	4
patti	4
wearily	4
champagne	4
brings	4
sipping	4
happen	4
aim	4
furious	4
wouldn	4
promise	4
balcony	4
treat	4
fit	4
psychology	4
city	4
usual	4
lilac	4
shell	4
pathos	4
peered	4
gesture	4
shelf	4
gloves	4
compliments	4
butler	4
likely	4
début	3
fields	3
expected	3
credit	3
chaps	3
dying	3
connection	3
verses	3
arrested	3
court	3
bloom	3
strangest	3
divine	3
pains	3
mocked	3
seeking	3
difficult	3
panes	3
amber	3
hissing	3
raise	3
complete	3
loose	3
insincere	3
frown	3
november	3
tattered	3
beer	3
remarkable	3
idolatry	3
atone	3
dens	3
tulips	3
ragged	3
starting	3
test	3
delighted	3
exhausted	3
staring	3
psychologists	3
specimens	3
weep	3
faithless	3
parisian	3
retired	3
gauze	3
smiles	3
cupids	3
bother	3
staircase	3
meets	3
shoot	3
arrived	3
scenery	3
theatrical	3
inquire	3
valued	3
coal	3
considered	3
specially	3
insult	3
crowned	3
escaped	3
shop	3
hypocrisy	3
meaning	3
screamed	3
element	3
instruments	3
fascinates	3
built	3
west	3
blame	3
violets	3
chased	3
couple	3
fro	3
wonders	3
carefully	3
blind	3
forgiveness	3
desired	3
capital	3
powdered	3
obvious	3
chattered	3
flight	3
gloomy	3
discovery	3
cunning	3
cast	3
censure	3
une	3
ophelia	3
lipped	3
influenced	3
invented	3
draped	3
rome	3
blank	3
infinitely	3
pork	3
frost	3
persian	3
reveals	3
elizabeth	3
iron	3
elaborately	3
performance	3
pipe	3
cloud	3
grossly	3
treated	3
woke	3
hit	3
brushes	3
footsteps	3
plucked	3
sombre	3
ridiculous	3
noticed	3
le	3
forth	3
christian	3
drink	3
pieces	3
sing	3
modes	3
elevating	3
organised	3
sodden	3
bores	3
exercised	3
dingy	3
lovers	3
ones	3
warm	3
ghastly	3
waiter	3
whenever	3
glance	3
unreality	3
triumphs	3
producing	3
luck	3
distant	3
du	3
custom	3
remote	3
panels	3
wainscoting	3
begin	3
entreat	3
woodland	3
excited	3
nodding	3
flickering	3
seared	3
bonnets	3
monster	3
caprice	3
social	3
nearer	3
butterflies	3
news	3
elderly	3
school	3
blinds	3
hailed	3
knowing	3
jagged	3
odd	3
transformed	3
family	3
sobbing	3
lesson	3
sulky	3
content	3
suggest	3
catch	3
leaned	3
drooped	3
stupidity	3
picturesque	3
les	3
running	3
wiped	3
pretend	3
flash	3
branches	3
circle	3
mimic	3
myriad	3
thief	3
harden	3
belief	3
jets	3
extravagant	3
extraordinarily	3
labyrinth	3
religion	3
belong	3
hurt	3
bees	3
sneer	3
wear	3
fanciful	3
serve	3
stumbled	3
minds	3
un	3
effort	3
jewels	3
mellow	3
bee	3
notice	3
theirs	3
floating	3
cynical	3
radley	3
tasselled	3
antique	3
fool	3
ultimately	3
egad	3
persons	3
record	3
rank	3
humanity	3
cries	3
jumped	3
strolling	3
stiff	3
brocade	3
pushing	3
contained	3
hooded	3
ashamed	3
writes	3
opportunity	3
excitement	3
bird	3
decoration	3
dresses	3
begins	3
receive	3
stooping	3
intensely	3
intently	3
nights	3
pulse	3
eternity	3
mediæval	3
fiery	3
cause	3
hateful	3
educated	3
ashton	3
phantoms	3
cabinet	3
pictured	3
language	3
pressing	3
despair	3
commons	3
fin	3
chiselled	3
jewel	3
immediately	3
rapidly	3
rows	3
amidst	3
lock	3
horrors	3
sweep	3
suspected	3
rise	3
destined	3
guns	3
reckless	3
des	3
coronation	3
bedroom	3
beyond	3
handed	3
lest	3
lilies	3
movement	3
actions	3
temptation	3
principle	3
dealt	3
eve	3
whitechapel	3
euston	3
swayed	3
harm	3
maladies	3
driven	3
fiction	3
copy	3
stabbed	3
creatures	3
introduced	3
sits	3
settling	3
connected	3
sentimental	3
tire	3
poppies	3
inevitable	3
pomegranates	3
collar	3
richer	3
narcissus	3
poets	3
birth	3
heavily	3
studded	3
sneered	3
acid	3
rain	3
glancing	3
scandals	3
intolerable	3
bookcase	3
statue	3
incredible	3
bankrupt	3
mixed	3
chief	3
tongue	3
peering	3
admire	3
curls	3
et	3
foreigners	3
brothers	3
vermilion	3
flaring	3
lids	3
above	3
fringed	3
passage	3
immensely	3
tiny	3
brood	3
violet	3
sixty	3
beat	3
wet	3
opal	3
pictures	3
names	3
bachelors	3
surprised	3
unbecoming	3
caliban	3
brougham	3
holding	3
den	3
flew	3
mistakes	3
worst	3
newspapers	3
possess	3
gentlemen	3
gown	3
resist	3
venice	3
qualities	3
steel	3
walls	3
madame	3
essential	3
sinking	3
ice	3
longing	3
chimney	3
savage	3
rash	3
eternal	3
tapestry	3
wreaths	3
dignity	3
carriage	3
frenchman	3
resolutions	3
interminable	3
listless	3
emeralds	3
indifference	3
approve	3
hiding	3
gaunt	3
favourites	3
discuss	3
doctor	3
shield	3
vulgarity	3
angrily	3
parties	3
orleans	3
richmond	3
recollection	3
consequence	3
quiet	3
received	3
medium	3
break	3
surface	3
darkened	3
oval	3
virtue	3
affect	3
trace	3
daisy	3
apple	3
appreciation	3
takes	3
defend	3
hats	3
groan	3
orchard	3
collected	3
bars	3
temperaments	3
affected	3
events	3
swinging	3
current	3
burying	3
somehow	3
joys	3
ennui	3
drunk	3
sensation	3
choose	3
mouths	3
memories	3
lot	3
rumoured	3
slightest	3
hollow	3
centre	3
poet	3
double	3
gardener	3
meeting	3
corpse	3
solemnly	3
stepping	3
armour	3
decent	3
informed	3
realised	3
parched	3
suggestion	3
flinging	3
indignation	3
genial	3
decorated	3
affection	3
villa	3
spray	3
concern	3
ticking	3
interfere	3
occasion	3
lasted	3
clay	3
access	3
designed	3
pathetic	3
material	3
argue	3
slipped	3
lighting	3
ii	3
pine	3
assured	3
ease	3
lasts	3
images	3
swear	3
fat	3
spectator	3
vices	3
artificial	3
reasonable	3
parker	3
loving	3
instinctively	3
mayfair	3
folly	3
dowdy	3
perfection	3
florentine	3
ship	3
suitable	3
enthralled	3
shows	3
bought	3
revelation	3
brink	3
hungry	3
civilised	3
acted	3
robe	3
absurdly	3
laws	3
cave	3
possesses	2
magnificent	2
thick	2
experiments	2
remembrance	2
java	2
staveley	2
articulate	2
external	2
fifth	2
improve	2
freckled	2
clusters	2
cheeked	2
brass	2
ecstasy	2
hears	2
indefinable	2
irrevocable	2
poem	2
yielded	2
mercutio	2
laburnum	2
absences	2
sculpture	2
vengeance	2
trellis	2
inordinate	2
falling	2
wan	2
titan	2
depends	2
iridescent	2
glare	2
wave	2
radical	2
inn	2
hideousness	2
coins	2
occurred	2
prejudiced	2
chattering	2
immense	2
veils	2
philanthropy	2
placid	2
fumes	2
unless	2
discord	2
jade	2
refusing	2
musician	2
lean	2
survival	2
façade	2
glimmered	2
drunkards	2
outstretched	2
jerkin	2
termed	2
sapphires	2
pietro	2
footmen	2
cups	2
driving	2
stored	2
stuff	2
lovelier	2
acanthus	2
beast	2
depths	2
herbert	2
nuisance	2
piled	2
hunted	2
stealthy	2
ninth	2
alliance	2
benefit	2
warped	2
carter	2
emphasised	2
atoms	2
seething	2
concentrated	2
violence	2
arranged	2
hertford	2
locking	2
doublet	2
bringing	2
developed	2
differently	2
kindly	2
drip	2
sixteen	2
pillow	2
fires	2
ornament	2
thieves	2
piazza	2
arch	2
oak	2
unlike	2
smelling	2
medallions	2
omnibus	2
showing	2
oblige	2
riding	2
grumbled	2
teeth	2
unfair	2
delay	2
drinks	2
rickety	2
parliament	2
field	2
elbow	2
procured	2
wears	2
collection	2
brush	2
shade	2
audley	2
persistent	2
fluttered	2
prevented	2
grinned	2
beater	2
feed	2
upset	2
fortnight	2
breast	2
chain	2
gloom	2
represented	2
flies	2
pressed	2
lent	2
bare	2
altar	2
opening	2
prove	2
wicker	2
primitive	2
craft	2
chairs	2
cent	2
greatly	2
amazed	2
aims	2
mystical	2
growled	2
flat	2
realisation	2
louder	2
nile	2
feigned	2
sheer	2
usually	2
hellenic	2
vague	2
seeds	2
kneel	2
system	2
film	2
prison	2
curzon	2
purpose	2
francisco	2
conditions	2
verona	2
bowl	2
induce	2
reported	2
dusty	2
refined	2
bowing	2
iris	2
listeners	2
gently	2
clubs	2
emerald	2
cloths	2
ribbons	2
pencil	2
brushing	2
sex	2
brilliant	2
sonnets	2
starred	2
contract	2
silks	2
staccato	2
rises	2
pear	2
sleeping	2
decay	2
overhead	2
crawl	2
salt	2
vow	2
belonged	2
thou	2
sails	2
brief	2
whispering	2
deceiving	2
woven	2
clenched	2
dishes	2
opinions	2
chase	2
pierced	2
charms	2
stammered	2
ours	2
immobile	2
spend	2
boys	2
reply	2
eyed	2
follies	2
nacre	2
cream	2
re	2
wishes	2
gaze	2
pointing	2
orphreys	2
subtlety	2
refused	2
reform	2
beaters	2
palm	2
intimacy	2
restaurant	2
tories	2
leant	2
shivered	2
detested	2
dipped	2
accounts	2
dreaded	2
blinking	2
seconds	2
nations	2
flute	2
striking	2
expel	2
scarf	2
miserable	2
treacherous	2
jars	2
pageant	2
eloquent	2
indians	2
bacchante	2
gardeners	2
disguise	2
personally	2
import	2
reaching	2
counters	2
ruby	2
kent	2
arden	2
stroked	2
guilty	2
chaste	2
crooked	2
astounding	2
thrush	2
trop	2
coats	2
remaining	2
carlington	2
critics	2
sides	2
concerts	2
enemy	2
breathing	2
preached	2
manager	2
innocence	2
distinguishing	2
raiment	2
require	2
acknowledge	2
languid	2
attraction	2
clean	2
apollo	2
proved	2
refinement	2
flutes	2
cost	2
chap	2
parents	2
remains	2
pounds	2
disgraced	2
tempered	2
june	2
mechanically	2
considerable	2
awkward	2
escalier	2
shirt	2
respectable	2
south	2
limited	2
consoled	2
cape	2
invisible	2
bullied	2
clouston	2
stone	2
elevated	2
frocks	2
spirituality	2
daisies	2
yacht	2
deny	2
methods	2
petalled	2
mauve	2
profession	2
renunciation	2
gratifying	2
leaded	2
frank	2
figures	2
wanting	2
greenroom	2
foolishly	2
uncivilised	2
lions	2
manners	2
handing	2
perfumes	2
splendour	2
autumn	2
virgin	2
beds	2
unpardonable	2
gathering	2
chocolate	2
masterpieces	2
parts	2
inclined	2
consists	2
temptations	2
quickening	2
dreaming	2
dagger	2
cinnamon	2
nocturne	2
monotony	2
frock	2
disgust	2
souls	2
wisdom	2
mare	2
bustled	2
pile	2
lys	2
verge	2
shared	2
doorway	2
rational	2
puts	2
juice	2
inside	2
plaited	2
hush	2
astray	2
skull	2
praying	2
kinds	2
polite	2
stout	2
elect	2
plumaged	2
cleft	2
spanish	2
dictate	2
device	2
burdened	2
drinking	2
exception	2
destiny	2
faculty	2
tongues	2
fast	2
rush	2
difficulty	2
luxurious	2
tight	2
untroubled	2
motives	2
suited	2
greasy	2
deceived	2
reeled	2
reminding	2
actors	2
shadowed	2
misery	2
vi	2
lashed	2
turbid	2
haunted	2
marriages	2
fling	2
esprit	2
tempt	2
remained	2
personal	2
fainted	2
marbles	2
moonlight	2
punishment	2
dogs	2
hang	2
carry	2
invariably	2
date	2
nero	2
faithfulness	2
lighted	2
vibrating	2
merton	2
rattled	2
brighter	2
wearisome	2
magical	2
undisturbed	2
wither	2
bargain	2
cordelia	2
hearth	2
fade	2
expressed	2
incorrigible	2
curtained	2
losing	2
offices	2
clutching	2
passes	2
hatred	2
spread	2
wept	2
rebellion	2
panelled	2
academy	2
prying	2
flamed	2
brooded	2
superficial	2
limit	2
kisses	2
stillness	2
depressing	2
ball	2
flatter	2
bills	2
dank	2
defeated	2
wilder	2
blanc	2
celebrated	2
happens	2
freedom	2
sipped	2
divorce	2
law	2
sharp	2
san	2
individualism	2
mercy	2
seek	2
swore	2
reverie	2
fleurs	2
paradise	2
union	2
torture	2
consisted	2
trap	2
stables	2
unstained	2
agate	2
hides	2
autobiography	2
upper	2
silently	2
noted	2
schoolboy	2
roman	2
longed	2
poisoning	2
daughters	2
purification	2
slaves	2
bending	2
frighten	2
diamonds	2
bits	2
spade	2
persuade	2
glistening	2
sob	2
blurred	2
smyrna	2
monotonous	2
satinwood	2
load	2
sup	2
tramping	2
oranges	2
wreath	2
copied	2
morality	2
flirtation	2
keeps	2
specimen	2
ventured	2
mud	2
shake	2
desires	2
properly	2
ringing	2
agree	2
jest	2
apparently	2
faltered	2
unselfish	2
waved	2
created	2
repetition	2
foul	2
lightning	2
avenue	2
glove	2
cared	2
strangle	2
cheques	2
wrinkle	2
packing	2
loud	2
lately	2
duet	2
associate	2
tumblers	2
talks	2
starve	2
pack	2
chill	2
mills	2
crying	2
dimmed	2
linen	2
model	2
popular	2
cards	2
recreate	2
wrung	2
archway	2
bristol	2
defects	2
melodramatic	2
crushing	2
arabian	2
florid	2
fancies	2
renaissance	2
prowling	2
fare	2
inhabitants	2
fidelity	2
saints	2
painters	2
turquoises	2
pool	2
dazed	2
vaguely	2
careful	2
gun	2
paradoxes	2
cadence	2
quatorze	2
ate	2
toned	2
dance	2
closer	2
complain	2
peacocks	2
procuring	2
helping	2
quay	2
ring	2
flaunt	2
assert	2
pomp	2
gate	2
ceremony	2
landscape	2
hearts	2
envelope	2
insolent	2
mediocrity	2
tavern	2
loitered	2
slew	2
answering	2
quiver	2
burdon	2
yard	2
risk	2
bestial	2
occasionally	2
clutched	2
rubies	2
rumours	2
stung	2
worlds	2
thoughtless	2
intellects	2
affinity	2
musk	2
disobedience	2
cigars	2
handle	2
enamelled	2
rue	2
sitters	2
peacock	2
heartless	2
grapes	2
hold	2
uncouth	2
disclosed	2
shirted	2
hurriedly	2
ended	2
diamond	2
tomb	2
chambers	2
lohengrin	2
assumed	2
trade	2
utterance	2
uncomely	2
ardour	2
marries	2
mackintosh	2
contented	2
immorality	2
blazing	2
sauntered	2
prayed	2
backed	2
faith	2
practice	2
sounds	2
clue	2
trampled	2
sluggish	2
lured	2
novelty	2
awake	2
swallows	2
combine	2
hurry	2
preach	2
excuses	2
buy	2
quivering	2
threat	2
sensuous	2
impatiently	2
unison	2
understanding	2
dearest	2
instead	2
problem	2
gaudy	2
possessed	2
aromatic	2
respect	2
weak	2
arrive	2
occupied	2
sicken	2
generous	2
tipped	2
roofs	2
wakened	2
absence	2
sincerity	2
leapt	2
ignorance	2
guardians	2
india	2
repeat	2
gallop	2
vivisecting	2
ordered	2
soiled	2
plastic	2
crouching	2
framed	2
martyr	2
facing	2
optimism	2
necktie	2
mocking	2
orchestra	2
desert	2
working	2
cease	2
fashion	2
pang	2
fascinate	2
degrade	2
diary	2
prow	2
waters	2
burn	2
chosen	2
unseen	2
prussic	2
companions	2
pockets	2
nose	2
entire	2
reproach	2
mystic	2
bid	2
152	2
debauchery	2
hurrying	2
examine	2
pace	2
sickened	2
eton	2
ranged	2
village	2
fruits	2
glamour	2
yelled	2
fading	2
hollowed	2
vanished	2
drowsy	2
caged	2
pipes	2
detail	2
song	2
certainty	2
whiskered	2
humbug	2
gets	2
respectability	2
horned	2
décolletée	2
easy	2
stable	2
hills	2
earnest	2
octagonal	2
fought	2
petulant	2
candour	2
pearly	2
personalities	2
scent	2
bonnet	2
nugget	2
chaos	2
georgian	2
experiences	2
blossom	2
cloak	2
æon	2
maid	2
bequeathed	2
idle	2
meanings	2
tin	2
vital	2
atonement	2
bride	2
writing	2
praise	2
cope	2
characters	2
convey	2
torn	2
waste	2
admired	2
seltzer	2
heroines	2
lingered	2
pulling	2
mediocrities	2
colourless	2
swerved	2
callous	2
pen	2
atmosphere	2
harshly	2
alive	2
soda	2
europe	2
newly	2
chime	2
gasped	2
orchid	2
hedonism	2
barrel	2
hock	2
devant	2
needs	2
pouring	2
blow	2
rare	2
chef	2
radiance	2
hawk	2
napkin	2
france	2
pilgrim	2
brocades	2
hesitating	2
annoying	2
fathers	2
atom	2
sufficient	2
sadness	2
marbre	2
advice	2
oppressive	2
examination	2
wide	2
apes	2
romanticists	2
concealing	2
sunday	2
tory	2
stolen	2
design	2
instantaneously	2
quivered	2
divinely	2
shelves	2
results	2
youths	2
puppets	2
slight	2
aristocracy	2
schoolroom	2
beads	2
snakes	2
inlaid	2
clustering	2
author	2
joyousness	2
lithe	2
hinted	2
patterns	2
chalice	2
although	2
preceding	2
sail	2
justice	2
flashing	2
droop	2
iniquities	2
glazed	2
canons	2
accustomed	2
masts	2
slain	2
success	2
smell	2
lotus	2
simplicity	2
original	2
clasped	2
hose	2
tribes	2
awakened	2
observation	2
acquaintance	2
bushrangers	2
charity	2
turbaned	2
feared	2
ass	2
approval	2
sold	2
distorted	2
intend	2
addressed	2
player	2
spear	2
length	2
raising	2
consider	2
anxious	2
increased	2
plunged	2
uttered	2
attack	2
paying	2
bareheaded	2
acts	2
bunch	2
exquisitely	2
poured	2
chiefly	2
latest	2
unspotted	2
weighed	2
searched	2
actor	2
neighbour	2
stereotyped	2
staying	2
consult	2
roof	2
devotion	2
heiress	2
meaningless	2
wrapped	2
mildew	2
alien	2
increase	2
expect	2
fled	2
ebony	2
hasn	2
renunciations	2
pardon	2
period	2
cab	2
stronger	2
papers	2
hushed	2
nigh	2
disgrace	2
gwendolen	2
foulness	2
edges	2
seats	2
offer	2
picking	2
crystals	2
drawer	2
tainted	2
steadfastly	2
disdain	2
incomplete	2
shrug	2
poisons	2
hoped	2
brandy	2
softly	2
alexander	2
eating	2
chemistry	2
contain	2
reach	2
wit	2
sorts	2
admiration	2
depth	2
cursed	2
ascent	2
flemish	2
manage	2
verse	2
cart	2
tail	2
spectacle	2
portico	2
verdict	2
groups	2
further	2
dreamy	2
gross	2
rattle	2
bamboo	2
ivy	2
survive	2
hood	2
egotism	2
slim	2
entrance	2
possession	2
rushing	2
hypocrite	2
fate	2
contrast	2
religious	2
crop	2
streamed	2
surrender	2
fed	2
marrying	2
track	2
barge	2
servility	2
shivering	2
abstract	2
absorb	2
diplomatic	2
brains	2
marvellously	2
conception	2
squabble	2
occur	2
mark	2
spiritual	2
arrow	2
sterile	2
perth	2
vandeleur	2
crisp	2
famed	2
accord	2
reproduce	2
until	2
sinner	2
literary	2
vienna	2
space	2
wider	2
dyed	2
travail	2
chat	2
oath	2
offensive	2
cassone	2
myriads	2
meal	2
strawberries	2
bewilder	2
control	2
topic	2
chinese	2
bells	2
mourning	2
bishop	2
palace	2
sentence	2
fur	2
visit	2
provided	2
decide	2
royalties	2
monsters	2
cardinal	2
litter	2
deceased	2
ends	2
sprawled	2
stayed	2
madrid	2
leering	2
experimenting	2
glistened	2
laurel	2
au	2
puddles	2
ride	2
mars	2
cane	2
enormous	2
capulet	2
saint	2
regarded	2
inquisitive	2
milky	2
appeals	2
flickered	2
pretending	2
unmoved	2
tenderness	2
bronze	2
sacred	2
amethyst	2
adonis	2
damp	2
whined	1
beaming	1
miniatures	1
angelo	1
arrangement	1
colonies	1
proverbs	1
animals	1
falls	1
hells	1
apt	1
reward	1
professional	1
entertain	1
tightly	1
scarcely	1
frankincense	1
slippers	1
attracted	1
serpents	1
edward	1
posed	1
provoked	1
flannel	1
surfaces	1
adriatique	1
censers	1
battle	1
jaspers	1
vat	1
plaintively	1
sebastian	1
dialogue	1
blushes	1
increasing	1
void	1
convolvulus	1
including	1
independent	1
practise	1
communiations	1
haven	1
mint	1
vessel	1
fragment	1
sketch	1
chiefest	1
perozes	1
asbestos	1
singleness	1
affects	1
garments	1
formosus	1
exchange	1
tabooed	1
fitting	1
dashing	1
surrenders	1
que	1
jerking	1
granite	1
trampling	1
sticks	1
bones	1
board	1
wedded	1
counting	1
sways	1
petulantly	1
moonstone	1
nuts	1
stroking	1
chromatique	1
gained	1
espial	1
repentance	1
peerage	1
district	1
scanning	1
daily	1
dependent	1
incarnation	1
phantom	1
odorous	1
patch	1
cedar	1
ignorant	1
athena	1
consorted	1
proposing	1
clumsy	1
enjoy	1
scrawled	1
thousandth	1
hill	1
weeps	1
rip	1
obligation	1
vine	1
beggar	1
cars	1
errand	1
throated	1
colder	1
passers	1
pomander	1
singly	1
stainless	1
superstitions	1
paste	1
actuality	1
packers	1
birthday	1
bank	1
faults	1
amends	1
poignant	1
lots	1
mourned	1
singed	1
verb	1
mix	1
ought	1
western	1
stove	1
grand	1
sketching	1
borgia	1
tombs	1
muffler	1
dissecting	1
chestnut	1
notices	1
fight	1
tunisians	1
moulding	1
burns	1
sores	1
repeating	1
fairest	1
abused	1
stalk	1
petit	1
dômes	1
yelling	1
ledger	1
former	1
affectations	1
hoxton	1
reformation	1
rayed	1
agitated	1
icy	1
technical	1
quoted	1
enduring	1
revolted	1
chequebook	1
fateful	1
scotland	1
logic	1
wildest	1
frangipanni	1
encyclopædias	1
dotted	1
unworthy	1
rotting	1
dishonour	1
paces	1
profligacies	1
deceive	1
charge	1
salon	1
sweated	1
stomacher	1
witnesses	1
communicate	1
backwards	1
coiners	1
clerks	1
enabled	1
angels	1
orris	1
wilde	1
despatches	1
morose	1
fragrant	1
à	1
intruding	1
atones	1
accusing	1
viol	1
drugs	1
singeing	1
scholar	1
unspoiled	1
webster	1
guide	1
frescoes	1
satyr	1
soared	1
abandon	1
fame	1
hunters	1
straying	1
southern	1
survived	1
spiritualises	1
connoisseurs	1
chancing	1
contact	1
eighty	1
contour	1
woodbine	1
campanile	1
philanthropist	1
effigy	1
chasing	1
admirer	1
balas	1
believes	1
shred	1
smocked	1
latter	1
weeping	1
spasm	1
attachment	1
feather	1
covering	1
perotto	1
mutilation	1
jacinths	1
sulphur	1
fads	1
whim	1
boar	1
gentle	1
gauzes	1
represents	1
chords	1
amusing	1
précis	1
deformed	1
sociology	1
describes	1
maddened	1
reclining	1
ganymede	1
horns	1
unhooked	1
defect	1
stock	1
azur	1
distressing	1
beatrice	1
analyse	1
lethargy	1
separation	1
hysterical	1
flowed	1
ruffles	1
symbolistes	1
solitude	1
wedged	1
sternly	1
infamy	1
stemmed	1
heat	1
apprehension	1
heartbroken	1
bonds	1
lighter	1
minion	1
inspire	1
abdicate	1
expound	1
learned	1
surrendering	1
guinea	1
childish	1
substitution	1
begged	1
clarin	1
wag	1
geniuses	1
parting	1
unmown	1
garlands	1
responsibilities	1
alternative	1
17	1
dandy	1
alfonso	1
define	1
captain	1
strength	1
capri	1
restless	1
band	1
bands	1
grasp	1
shimmering	1
tortoise	1
doggedly	1
leprosies	1
lescaut	1
zipangu	1
oldest	1
caroused	1
placing	1
practising	1
wharf	1
attic	1
correctly	1
discussing	1
doth	1
emigrated	1
steady	1
vacant	1
heap	1
applause	1
overtired	1
proposal	1
prim	1
reads	1
conduct	1
apartment	1
marlow	1
shawled	1
failing	1
sip	1
wafer	1
stroke	1
obelisk	1
recovered	1
8	1
mattresses	1
girdle	1
refreshed	1
terrify	1
historians	1
unreasonable	1
imitation	1
equal	1
expectation	1
vénus	1
arrange	1
violins	1
diaz	1
pastilles	1
colosseum	1
solicitors	1
duel	1
kids	1
waning	1
orlando	1
ambassador	1
divinity	1
darwinismus	1
topazes	1
gums	1
tourneur	1
fonthill	1
polyssena	1
diaper	1
thus	1
barren	1
wakening	1
returning	1
ecclesiastical	1
unpoetical	1
writhed	1
ceilan	1
vein	1
devices	1
judging	1
unthought	1
hovenia	1
analysing	1
foil	1
entrées	1
unlawful	1
transaction	1
waistcoats	1
musicians	1
ere	1
husky	1
boldness	1
elocution	1
wars	1
disguised	1
hungary	1
hectic	1
suspended	1
whistle	1
fiend	1
sharpness	1
booth	1
leer	1
toujours	1
walled	1
blotted	1
herbs	1
mediævalism	1
culminated	1
garter	1
implicated	1
brac	1
unadulterated	1
amethysts	1
vexed	1
dante	1
unloading	1
formation	1
elapse	1
xii	1
ideality	1
spectacles	1
disappoint	1
parentage	1
antinoüs	1
contralto	1
memoires	1
lidded	1
collars	1
blazoned	1
declaimed	1
larger	1
darkening	1
presented	1
aloes	1
margarite	1
sacrifices	1
beetle	1
mile	1
principal	1
highwayman	1
tittered	1
incapable	1
doigts	1
jacinth	1
convulsively	1
tonic	1
hymn	1
superb	1
poland	1
calumnies	1
bournemouth	1
joyeux	1
disappointing	1
émaux	1
particularly	1
sigismondo	1
adversaries	1
abstracted	1
heroine	1
portia	1
mirrours	1
stoutness	1
swarthy	1
defeat	1
blade	1
wormed	1
silken	1
statuette	1
rhymes	1
oratory	1
tyrannised	1
properties	1
glimmering	1
wagner	1
enamels	1
jarred	1
exile	1
charges	1
narrow	1
firing	1
neckties	1
web	1
knowest	1
quail	1
orients	1
thornbury	1
tramped	1
mistaking	1
tempest	1
fills	1
noiselessly	1
pierre	1
reconstructed	1
omened	1
drums	1
marsyas	1
sofas	1
beheld	1
golds	1
winged	1
similar	1
cylindrical	1
toilet	1
novels	1
cakes	1
misadventure	1
educate	1
stifling	1
mourn	1
insolences	1
worry	1
sullenly	1
objected	1
unlucky	1
strutted	1
previous	1
peruvians	1
accompany	1
tædium	1
manon	1
appointment	1
rugged	1
merchantman	1
size	1
boot	1
sham	1
rimini	1
prophesied	1
procopius	1
serpent	1
ants	1
petticoat	1
ovalle	1
arcades	1
cherries	1
spied	1
doorsteps	1
philosophic	1
corked	1
hunger	1
thornton	1
lounged	1
smallest	1
consistent	1
germ	1
nobler	1
clotted	1
lucrative	1
sweat	1
wrecked	1
umbrellas	1
20	1
opiates	1
academicians	1
spectral	1
robed	1
sidled	1
macerated	1
crosses	1
glittered	1
produce	1
barbi	1
successful	1
dined	1
utter	1
nephew	1
explains	1
bolts	1
stockbroker	1
willoughby	1
gates	1
dependence	1
woodwork	1
pepper	1
divided	1
egotists	1
job	1
observe	1
dalmatics	1
audible	1
styles	1
accordance	1
editions	1
groans	1
blended	1
cognizance	1
unbarred	1
gloucester	1
hastened	1
warmly	1
decorative	1
seeded	1
converts	1
spilled	1
voiceless	1
reflected	1
foggy	1
sixth	1
tasting	1
insincerity	1
lilas	1
fists	1
swiftness	1
resigned	1
grumbling	1
swell	1
chalk	1
worried	1
morse	1
branded	1
row	1
lute	1
siècle	1
satins	1
unromantic	1
disillusion	1
chrysolites	1
whipped	1
recall	1
struggle	1
unsympathetic	1
lateness	1
drama	1
tossing	1
degrees	1
flirt	1
panegyric	1
grimy	1
raking	1
blast	1
boring	1
grotrian	1
sovereignty	1
smiting	1
lacis	1
reins	1
finding	1
kings	1
apparent	1
annihilated	1
fraught	1
harley	1
freed	1
grifonetto	1
assistance	1
features	1
contradict	1
gaping	1
ribands	1
crucifixion	1
beats	1
gaiety	1
handiwork	1
streaming	1
debrett	1
tussock	1
foam	1
philistine	1
artemis	1
soupir	1
panthers	1
café	1
winds	1
mysticism	1
filigrane	1
destroys	1
snowed	1
sacking	1
dashed	1
mounted	1
prudence	1
amateurs	1
rope	1
dinners	1
presiding	1
seraph	1
pet	1
blackballed	1
grandpères	1
visconti	1
formless	1
butterfly	1
deed	1
tradesmen	1
tilt	1
camp	1
consummate	1
clenching	1
figurine	1
pane	1
barked	1
knelt	1
phrases	1
concorde	1
outward	1
moss	1
waned	1
weave	1
toad	1
giambattista	1
melodious	1
anglomanie	1
matches	1
discs	1
consented	1
domestics	1
draggled	1
staunch	1
commonly	1
defile	1
turban	1
simonetto	1
portraits	1
marks	1
jockeys	1
paints	1
sow	1
extra	1
summers	1
imperial	1
reshaped	1
cases	1
dash	1
velasquez	1
trousers	1
bothering	1
waterbury	1
sphere	1
coast	1
fortunately	1
holy	1
cotton	1
brows	1
cynicism	1
disarm	1
truculent	1
fruitful	1
heated	1
untasted	1
rubbed	1
submission	1
prelude	1
sentinels	1
whimper	1
siege	1
witty	1
bald	1
inveterate	1
considerate	1
pry	1
erlynne	1
luxe	1
bread	1
miseries	1
torch	1
sulkily	1
triangular	1
chasubles	1
broidery	1
simile	1
hawkers	1
balancing	1
primers	1
published	1
tangled	1
seine	1
investigated	1
vieille	1
converted	1
roche	1
mal	1
agnew	1
mannered	1
mules	1
noise	1
intensifies	1
permanent	1
sputtering	1
rates	1
emblems	1
roughly	1
fits	1
koran	1
warmed	1
adders	1
jacobean	1
shirts	1
wrinkling	1
carlton	1
cunningly	1
approaching	1
apologise	1
bric	1
support	1
lacenaire	1
huntsman	1
ladles	1
seizing	1
thorn	1
neronian	1
reliable	1
disguises	1
collieries	1
flooded	1
docks	1
doorpost	1
considerably	1
epigram	1
delicately	1
disease	1
bankruptcies	1
holds	1
per	1
strewn	1
representations	1
assures	1
preface	1
marco	1
moue	1
drizzling	1
brightly	1
pins	1
snaps	1
stem	1
sequence	1
viii	1
brazilian	1
confessionals	1
october	1
beasts	1
tastes	1
choking	1
venetians	1
protégé	1
pigeons	1
admitted	1
pistol	1
sonnet	1
mediocre	1
earthen	1
rejection	1
thickly	1
plodded	1
grooms	1
moralise	1
rosettes	1
workmanship	1
spiritualising	1
leagues	1
police	1
wealthy	1
tediously	1
limbed	1
intricacies	1
ushered	1
splinters	1
zithers	1
trod	1
roots	1
chemicals	1
pillars	1
deliberation	1
intimately	1
cousin	1
blazed	1
elegantiarum	1
vicious	1
fitzherbert	1
breasted	1
ambassadors	1
blindly	1
leafy	1
shrieks	1
iced	1
nodded	1
knotting	1
steeplechase	1
gourds	1
active	1
saloon	1
desdemona	1
dudley	1
glasses	1
shaken	1
convention	1
helmet	1
materials	1
swallowed	1
tiara	1
rehearsal	1
thoughtful	1
suns	1
sucking	1
phrased	1
cruelly	1
clamps	1
worldly	1
watery	1
culminate	1
penny	1
charcoal	1
dainties	1
reminiscences	1
rubbing	1
dissatisfied	1
consistency	1
foreign	1
rein	1
archways	1
worships	1
declared	1
faltering	1
grows	1
daren	1
crocodiles	1
rimmed	1
lank	1
outcast	1
supplies	1
clung	1
varnished	1
vale	1
tailor	1
rosary	1
yawned	1
craving	1
fewer	1
bouquets	1
adjoining	1
glossy	1
puritanism	1
precise	1
cælestis	1
questions	1
untrue	1
brickdust	1
marigold	1
individual	1
mania	1
facile	1
robbed	1
flawless	1
deeply	1
vestment	1
reflectors	1
suits	1
dépose	1
counterpart	1
prisoned	1
alder	1
accursed	1
perdita	1
innumerable	1
criminal	1
hissed	1
necked	1
corroborative	1
tithe	1
brightness	1
wreck	1
hamlet	1
fiasco	1
argot	1
juruparis	1
imaginary	1
rejections	1
emperor	1
leading	1
muslins	1
grossest	1
swinger	1
jesting	1
tokio	1
symbolise	1
cultivated	1
separate	1
share	1
turns	1
jerk	1
derived	1
anodyne	1
hyacinth	1
persisted	1
slimy	1
annihilates	1
conveyed	1
trojans	1
swooned	1
slumberous	1
intrusive	1
hammer	1
cargo	1
chemist	1
selenite	1
cover	1
symbolical	1
stocks	1
pheasant	1
factories	1
hazard	1
ambergris	1
wresting	1
algerian	1
welled	1
crisis	1
reserve	1
decried	1
rubles	1
strip	1
marvel	1
directors	1
mortem	1
invested	1
heroes	1
fifteenth	1
chord	1
degraded	1
camillus	1
domitian	1
intoxicated	1
ministerial	1
crescents	1
brazier	1
mortuary	1
grating	1
rubbish	1
publicly	1
naples	1
entitles	1
refashioned	1
frontleted	1
arrows	1
hangs	1
frieze	1
rubinstein	1
colouring	1
owes	1
elastic	1
athenæum	1
saddlebags	1
frontals	1
eras	1
exist	1
democracy	1
tawdrily	1
10	1
waxy	1
travelled	1
tale	1
occupants	1
recklessness	1
outlet	1
jordan	1
sein	1
yotl	1
forests	1
homburg	1
astorre	1
bitten	1
involve	1
dramatically	1
artistically	1
deepened	1
expressions	1
transfigured	1
philanthropic	1
pallor	1
19	1
enthusiastic	1
tower	1
sleepers	1
hoofs	1
reparation	1
translate	1
leap	1
hugged	1
montaigne	1
mohammed	1
albany	1
attractions	1
vitality	1
cuzco	1
disengaged	1
tripos	1
wilfulness	1
comedian	1
folk	1
motioned	1
debonair	1
ned	1
liquor	1
cleanse	1
fibres	1
loitering	1
stuck	1
shallowness	1
hungers	1
iteration	1
hundreds	1
strayed	1
buonarotti	1
infused	1
lowest	1
investigating	1
romanticism	1
conspiracy	1
physiology	1
meat	1
audacious	1
smitten	1
inherited	1
reviews	1
greater	1
naked	1
cyril	1
proceeded	1
jasmine	1
milan	1
amusement	1
posing	1
ague	1
encourage	1
liveried	1
skilfully	1
sweeter	1
lane	1
enmity	1
greeted	1
splendidly	1
representing	1
definition	1
arresting	1
outfit	1
tree	1
stool	1
placard	1
extent	1
censer	1
favour	1
using	1
maim	1
brawled	1
carnal	1
penniless	1
sharing	1
snared	1
enraged	1
paragraph	1
édition	1
inartistic	1
pupils	1
safety	1
lutes	1
copies	1
families	1
mighty	1
assuring	1
manger	1
chrysoberyl	1
policemen	1
comforting	1
greedy	1
garnet	1
huskily	1
gags	1
familiar	1
demons	1
marguerite	1
noisily	1
impulses	1
palate	1
lenders	1
harlot	1
swift	1
ernest	1
vestige	1
swathed	1
hilstone	1
paralysed	1
hadjis	1
arbiter	1
subjects	1
irreproachable	1
illusions	1
taint	1
downy	1
inmost	1
counter	1
career	1
victories	1
plans	1
lustreless	1
logical	1
photographs	1
emancipated	1
ships	1
atoned	1
stamp	1
plague	1
digging	1
eyeballs	1
skeins	1
oily	1
trumpet	1
schoolbooks	1
gondola	1
stopping	1
breed	1
mineral	1
guess	1
moorish	1
apples	1
firm	1
lashes	1
drown	1
beckenham	1
ont	1
saddened	1
slinking	1
longs	1
probabilities	1
invaluable	1
chains	1
onyx	1
noses	1
aztecs	1
bloated	1
bronzes	1
adventure	1
impecuniosity	1
convent	1
prolonged	1
intention	1
faune	1
mirrored	1
bounded	1
perles	1
cells	1
bent	1
follows	1
latten	1
primarily	1
blew	1
friendly	1
renewed	1
develop	1
balustrade	1
viands	1
bezoar	1
lavée	1
reasons	1
communion	1
wearer	1
cracked	1
worded	1
rascally	1
joan	1
cashmere	1
reminds	1
imperfect	1
benches	1
irresistible	1
unpictured	1
softened	1
sputtered	1
perform	1
ezzelin	1
dread	1
cross	1
buzz	1
solve	1
gloved	1
leader	1
lustre	1
seldom	1
humph	1
monotonously	1
divinest	1
pleasantly	1
deadens	1
organism	1
appear	1
crossed	1
mentally	1
deserve	1
braved	1
fever	1
daubed	1
coroner	1
revolt	1
gratified	1
foulest	1
stabbing	1
shyly	1
comely	1
suspect	1
jovially	1
exhaust	1
boots	1
mixing	1
woods	1
whitened	1
cornucopias	1
impassive	1
snapped	1
hopeless	1
subsequent	1
cairo	1
whip	1
averted	1
audace	1
penitence	1
hairs	1
philip	1
romances	1
lapse	1
stitched	1
apricot	1
hardens	1
ochre	1
18	1
sacrament	1
embassy	1
intelligent	1
droning	1
meagre	1
ducal	1
peculiarly	1
architectural	1
lap	1
cursing	1
slaughter	1
fluid	1
hollowness	1
spinels	1
crumpled	1
prospects	1
unhappy	1
overdraw	1
textile	1
desecration	1
selfishness	1
conceals	1
patterned	1
lurks	1
wavering	1
discordant	1
hopes	1
radicals	1
canopy	1
rewarded	1
shooter	1
gian	1
trickle	1
pollen	1
sympathetic	1
atalanta	1
aristocratic	1
tintoret	1
leper	1
flush	1
champion	1
evenings	1
ridden	1
bookcases	1
spa	1
pedestal	1
balms	1
tulip	1
embalmed	1
broods	1
asceticism	1
conductor	1
doctrines	1
spectators	1
piles	1
ornamented	1
dines	1
creed	1
patches	1
admiral	1
bud	1
denied	1
hermit	1
convinced	1
contents	1
downright	1
seeks	1
visited	1
backs	1
andrew	1
beaded	1
rebellions	1
merchants	1
fail	1
overheard	1
vainly	1
deadlier	1
natures	1
emblem	1
illustrated	1
remaking	1
carthage	1
taper	1
groom	1
fulfilled	1
disciplina	1
knocked	1
mufflers	1
jewish	1
wringing	1
irony	1
inflicted	1
busy	1
solicitor	1
anguish	1
paul	1
arcade	1
toy	1
porphyry	1
abstruse	1
gazed	1
bruno	1
industry	1
silliness	1
closely	1
shoes	1
ageing	1
attempts	1
sighted	1
sèze	1
rechristening	1
pistachio	1
idyll	1
storm	1
covers	1
rumble	1
aragon	1
inheritance	1
circumstance	1
consequences	1
clothe	1
combed	1
seed	1
founder	1
browning	1
weakness	1
choked	1
utterly	1
wrists	1
gratification	1
joviality	1
elephantis	1
parma	1
irritable	1
guard	1
piccadilly	1
gather	1
reappeared	1
lily	1
steaming	1
irons	1
advanced	1
lash	1
climax	1
reined	1
clatter	1
prose	1
tradesman	1
despise	1
underneath	1
disappears	1
endless	1
2	1
weet	1
substitute	1
capable	1
sale	1
drugged	1
correspondence	1
martyrdom	1
sobieski	1
tightening	1
threadbare	1
regent	1
cleaned	1
hebrew	1
situations	1
plato	1
quicken	1
pot	1
sentimentalists	1
speeches	1
brushed	1
fireplace	1
slashed	1
hangings	1
philostratus	1
formed	1
felicity	1
eastward	1
accentuating	1
huns	1
médicis	1
parody	1
attacking	1
stray	1
fairness	1
cookery	1
inexperienced	1
nitric	1
gartered	1
anger	1
enrage	1
experimental	1
earrings	1
delighting	1
monstrance	1
forwards	1
metaphysics	1
incoherence	1
waggon	1
sunset	1
amazing	1
weaken	1
fares	1
bond	1
gladstone	1
amsterdam	1
performed	1
terrace	1
steam	1
sovereign	1
praised	1
settles	1
vileness	1
surpass	1
mantle	1
ripening	1
cornelian	1
bred	1
intentions	1
pouted	1
horses	1
branksome	1
lingering	1
crawling	1
fortune	1
holiness	1
counties	1
recaptured	1
riposte	1
misfortune	1
gambling	1
encrusted	1
clump	1
straining	1
individuality	1
caveman	1
magic	1
dawned	1
irritating	1
admirably	1
schools	1
gable	1
brantôme	1
palms	1
greeks	1
balance	1
annoy	1
pyramid	1
broideries	1
slay	1
breathed	1
curly	1
analysed	1
duets	1
narrowed	1
avoid	1
legacy	1
ture	1
rounds	1
liking	1
misanthrope	1
vestments	1
exhausts	1
crucible	1
burlington	1
assume	1
recognition	1
struggling	1
claim	1
ruisselant	1
spy	1
tickets	1
ancestors	1
wardrobe	1
cymophane	1
splintered	1
remembering	1
excessively	1
anthony	1
demand	1
list	1
inferior	1
sized	1
characterises	1
pebbles	1
bone	1
rested	1
lunching	1
rheims	1
cord	1
rugby	1
bepaint	1
loveless	1
announce	1
cat	1
strings	1
tampered	1
lionise	1
disordered	1
intelligence	1
jaded	1
schubert	1
dreary	1
riario	1
trouville	1
marqueterie	1
grape	1
ritual	1
scratched	1
scramble	1
perugia	1
cloudless	1
silenus	1
refine	1
architecture	1
keepers	1
mannerism	1
democritus	1
bard	1
grandmothers	1
dragging	1
tilting	1
nimbly	1
substance	1
darted	1
joined	1
bloomed	1
bathroom	1
errors	1
performer	1
lighten	1
steamer	1
candleshades	1
dripped	1
handful	1
frantic	1
silhouetted	1
furry	1
precision	1
metaphors	1
laughs	1
grassless	1
brickfields	1
desolate	1
moralists	1
cake	1
relationship	1
nervousness	1
dulled	1
healthy	1
stated	1
ferrars	1
nameless	1
summed	1
seventeenth	1
doll	1
sickness	1
valentinois	1
dreamless	1
gull	1
rapid	1
birrell	1
sphynxes	1
jermyn	1
dr	1
widening	1
guffawed	1
luxuriously	1
flattered	1
mimicked	1
guardian	1
etching	1
excess	1
acceptance	1
casual	1
emerged	1
4	1
diseased	1
moons	1
toying	1
sudaria	1
gamekeeper	1
troop	1
shabbily	1
exquisites	1
soothed	1
vegetables	1
essence	1
dahlia	1
tattooed	1
bartered	1
kilns	1
leonora	1
unsullied	1
underrate	1
thanked	1
neighbourhood	1
universal	1
commonest	1
flaccid	1
texture	1
intervals	1
harvey	1
drudge	1
leaping	1
anew	1
fragile	1
speculation	1
probable	1
chemical	1
turkish	1
brabantio	1
louvre	1
inner	1
twentieth	1
pardons	1
sport	1
gem	1
absolution	1
claims	1
meals	1
mislaid	1
prefiguring	1
dandyism	1
proportions	1
intending	1
peer	1
dice	1
centaurs	1
logs	1
zèle	1
publication	1
buying	1
natured	1
staggering	1
sulphurous	1
bachelor	1
plaster	1
responsive	1
tawny	1
chirrup	1
sparrows	1
subjected	1
trimmed	1
bleached	1
staginess	1
plan	1
unadvised	1
revivalist	1
binding	1
profusely	1
duchesses	1
multiply	1
achilles	1
supreme	1
rapt	1
malatesta	1
chicago	1
winckelmann	1
gutters	1
keen	1
ibises	1
admires	1
gigantic	1
algiers	1
enthrall	1
14	1
bubble	1
melody	1
childlike	1
poaching	1
coils	1
cortes	1
northern	1
railings	1
unclean	1
macaroni	1
automatons	1
surveyed	1
improvisation	1
oneself	1
priced	1
staining	1
belonging	1
declined	1
matched	1
carelessness	1
enviously	1
fix	1
treasures	1
transfigures	1
compares	1
pick	1
cushions	1
prescribes	1
security	1
gypsies	1
breaks	1
subaltern	1
exclusively	1
refrains	1
county	1
cigar	1
confided	1
chilperic	1
fingered	1
group	1
chaud	1
chess	1
behold	1
examining	1
dealings	1
finger	1
necessarily	1
questioned	1
weather	1
prefigure	1
jarvies	1
skins	1
vellum	1
luggage	1
mats	1
savages	1
contemporary	1
slower	1
spots	1
sèvres	1
taunt	1
saddle	1
esquif	1
wired	1
challenge	1
sway	1
pushed	1
screaming	1
representative	1
piers	1
supper	1
fun	1
disgraceful	1
rebuked	1
dryad	1
resumed	1
start	1
heaps	1
occasioned	1
rugs	1
whitewashes	1
harmonies	1
keenness	1
expensive	1
sawdust	1
food	1
bologna	1
responsible	1
baglioni	1
threatened	1
mill	1
discovering	1
beauteous	1
churchyard	1
gamme	1
hell	1
forgiven	1
inorganic	1
bears	1
confused	1
solitary	1
camées	1
prig	1
rustle	1
growth	1
rude	1
caryatides	1
behaved	1
add	1
borrowed	1
vultures	1
tied	1
alliterative	1
poverty	1
sensitive	1
flirting	1
bubbles	1
advance	1
studying	1
cushioned	1
retain	1
titter	1
soft	1
sleepless	1
wash	1
dancing	1
barges	1
chooses	1
remark	1
indolence	1
scanned	1
schoolgirl	1
cheeky	1
mental	1
materialistic	1
fierce	1
striped	1
rarely	1
perplexity	1
degree	1
defiance	1
politician	1
committing	1
surprises	1
sunbeams	1
surroundings	1
barbaric	1
boughs	1
minded	1
reigns	1
sojourn	1
nil	1
programmes	1
monstre	1
blessed	1
idiot	1
precious	1
nightingales	1
wrongs	1
discords	1
fratricide	1
loathe	1
galloping	1
folds	1
masses	1
stricken	1
insistence	1
schumann	1
obtained	1
warmth	1
endured	1
puritan	1
weariness	1
quinze	1
dandies	1
crimes	1
plates	1
weeds	1
knocking	1
rio	1
carts	1
singular	1
exaggeration	1
sacks	1
offering	1
button	1
succeeding	1
whatsoever	1
proposes	1
holes	1
painful	1
thinning	1
cambridge	1
uncertain	1
considering	1
thickened	1
joyous	1
socket	1
ravenous	1
excusing	1
invent	1
ivories	1
wounds	1
aborde	1
twitch	1
perturbed	1
farthest	1
apology	1
panting	1
dutch	1
snake	1
incompetent	1
hiccoughed	1
instance	1
sends	1
edited	1
stroll	1
suspicions	1
adder	1
lisp	1
couches	1
anastasius	1
upright	1
foukousas	1
hydropicus	1
patience	1
caressed	1
untouched	1
imploring	1
asphodel	1
coverlet	1
fleshly	1
faudel	1
dates	1
satyricon	1
footlights	1
menu	1
circulated	1
inverted	1
archaisms	1
fasting	1
attempted	1
este	1
paraphrases	1
11	1
shine	1
matchbox	1
clouds	1
insanity	1
3	1
interruption	1
movements	1
exclamation	1
patent	1
magenta	1
ensconced	1
messalina	1
tabernacle	1
ethics	1
creates	1
comfortable	1
happily	1
egyptian	1
egos	1
guards	1
florence	1
damned	1
15	1
beetles	1
slanting	1
rouge	1
battened	1
peculiar	1
robber	1
justification	1
courteously	1
supercilious	1
statement	1
accumulate	1
trappings	1
uninteresting	1
topped	1
bush	1
dies	1
flow	1
shouting	1
presentiment	1
je	1
imagining	1
shuttered	1
hoisted	1
panis	1
hole	1
truths	1
froid	1
scolding	1
market	1
wearied	1
dais	1
lull	1
loosened	1
querulously	1
glimpse	1
forbidden	1
palmers	1
rejoinder	1
debts	1
brilliantly	1
popping	1
spoon	1
pushes	1
cæsar	1
melbourne	1
insists	1
auction	1
liveries	1
demeanour	1
blushing	1
adores	1
regretfully	1
verities	1
pulses	1
tanagra	1
preserved	1
chili	1
flattened	1
prolonging	1
remake	1
effective	1
aspilates	1
dulls	1
sheep	1
land	1
13	1
rival	1
decided	1
mail	1
polo	1
huddled	1
layers	1
showered	1
robinsoniana	1
grotesques	1
meanest	1
consoles	1
brainless	1
velarium	1
scurf	1
noon	1
shawl	1
beams	1
clovis	1
filippo	1
churchill	1
lapis	1
proletariat	1
tiberius	1
citizen	1
erect	1
sceptic	1
enflent	1
trailing	1
joyeuse	1
bulky	1
interrupt	1
duties	1
crudely	1
invents	1
porcelain	1
preoccupied	1
absorption	1
drank	1
preferred	1
picturesqueness	1
sicilian	1
distinct	1
midland	1
undergrowth	1
jetant	1
professor	1
charitable	1
giovanna	1
steeds	1
eared	1
cabman	1
mausoleum	1
ginger	1
bravest	1
conversing	1
household	1
prefix	1
isabella	1
malays	1
visage	1
knitting	1
eighth	1
grasshopper	1
tumbling	1
scuffling	1
appeased	1
antinomianism	1
peach	1
bathed	1
childhood	1
conjugal	1
superbly	1
footmarks	1
flared	1
efficacy	1
report	1
wrapper	1
scrupulous	1
parrots	1
comedy	1
willis	1
appetites	1
artificiality	1
stamping	1
obscure	1
puffs	1
loudly	1
incense	1
thunderstruck	1
toe	1
jacket	1
river	1
cabs	1
archbishop	1
fears	1
crease	1
card	1
thirteen	1
bruise	1
footed	1
eligible	1
richness	1
sly	1
flying	1
mexican	1
pianists	1
revival	1
tarry	1
scourging	1
alphonso	1
provision	1
whiteness	1
carlo	1
winsome	1
uneducated	1
shambles	1
auctioneer	1
bitterness	1
fuss	1
stalls	1
pompous	1
raked	1
packed	1
lift	1
burnished	1
ambitions	1
gaining	1
sentences	1
clustered	1
rupert	1
traced	1
purify	1
pontus	1
subtleties	1
carnations	1
stairs	1
multiform	1
fain	1
clodion	1
bedside	1
daintily	1
surcoat	1
isotta	1
palmates	1
rebellious	1
overcharged	1
enthralls	1
super	1
obsequious	1
bend	1
attempt	1
corridor	1
martyrs	1
supports	1
fetid	1
biology	1
tyrian	1
burnt	1
expense	1
6	1
manufacture	1
gauntleted	1
murderous	1
viler	1
hospitals	1
fawn	1
amazon	1
greene	1
heralds	1
continuance	1
sulks	1
wiping	1
click	1
accompanied	1
clematis	1
organ	1
skies	1
adopted	1
govern	1
feathered	1
resettling	1
hammered	1
horn	1
sparks	1
pinnacles	1
tracing	1
tables	1
weight	1
denies	1
lumpy	1
mouse	1
farce	1
exhibited	1
1820	1
piteous	1
inchased	1
southwark	1
perplexed	1
shod	1
preacher	1
omar	1
reticences	1
untidy	1
travel	1
hardy	1
parthian	1
omnibuses	1
imitative	1
bargaining	1
gnawed	1
langton	1
remembers	1
brilliancy	1
governed	1
panegyrics	1
needed	1
bushy	1
capricious	1
monte	1
blows	1
gum	1
pained	1
flameless	1
murmur	1
log	1
jonquils	1
meditative	1
malabar	1
acrobats	1
liberals	1
perspiration	1
lucky	1
plot	1
fopperies	1
cores	1
aphorisms	1
uncertainty	1
mixture	1
flicker	1
starry	1
quit	1
mandolin	1
lacks	1
noblest	1
dividing	1
swoon	1
betting	1
attitude	1
freely	1
7	1
thrift	1
signed	1
defeats	1
oil	1
loaded	1
faun	1
normal	1
tom	1
hunting	1
reasoned	1
resemblance	1
godlike	1
introduction	1
roundly	1
examinations	1
collect	1
postures	1
goodbody	1
pigeon	1
rescue	1
holborn	1
proportioned	1
animalism	1
recite	1
lightens	1
labour	1
eagerly	1
regretted	1
berkeley	1
revolver	1
inconvenient	1
plant	1
curse	1
questioning	1
stagnation	1
pair	1
explosions	1
selection	1
shoots	1
distress	1
protests	1
scribbled	1
procession	1
wells	1
dominates	1
pavilion	1
frequent	1
spot	1
patron	1
realized	1
sleeve	1
tartuffe	1
ruff	1
ormolu	1
expenditure	1
imprison	1
commits	1
lends	1
flashes	1
centuries	1
doorstep	1
analysis	1
supposed	1
spitted	1
quarrelling	1
satire	1
confirmed	1
nay	1
evident	1
win	1
wanton	1
exact	1
anchorite	1
petal	1
unhook	1
dowagers	1
detriment	1
richard	1
imagines	1
alternate	1
aroused	1
dearly	1
assisted	1
theatres	1
princes	1
velvets	1
lower	1
leonardus	1
symphonic	1
amour	1
wednesday	1
consume	1
affair	1
scatter	1
stanzas	1
ravelled	1
sapphire	1
osborne	1
drivers	1
crest	1
quotation	1
cooks	1
snatched	1
nouvelles	1
costs	1
rumbled	1
hitting	1
expresses	1
message	1
epigrams	1
affluence	1
courts	1
clammy	1
bitters	1
strain	1
ideals	1
trunks	1
redressed	1
gaveston	1
criticism	1
nests	1
plenitude	1
coaling	1
doctrinaire	1
circling	1
fuming	1
exceed	1
fluttering	1
gothic	1
guessed	1
assented	1
legacies	1
otherwise	1
benefiting	1
acquaintances	1
edged	1
betters	1
chop	1
punctuality	1
pattered	1
bauderike	1
scale	1
estimate	1
option	1
warned	1
infatuation	1
fourth	1
transparency	1
paved	1
advertise	1
callousness	1
lake	1
aiming	1
ecstasies	1
shouted	1
parsemé	1
hampshire	1
dressmaker	1
sherry	1
tableau	1
oils	1
prayers	1
sardius	1
dwarfs	1
deception	1
judgment	1
unnecessary	1
continue	1
demoralising	1
tussore	1
depresses	1
garters	1
victory	1
considers	1
brevity	1
parasols	1
cooped	1
fleet	1
salad	1
dolphins	1
incompatible	1
bull	1
daly	1
sober	1
blooms	1
bracken	1
ardent	1
suck	1
fairy	1
invited	1
sphinxes	1
appetite	1
rules	1
experienced	1
riband	1
cultured	1
mannerly	1
generosity	1
clamped	1
flutter	1
sensible	1
wry	1
funny	1
theologians	1
defiled	1
snap	1
sewn	1
instincts	1
wordy	1
regiment	1
recommended	1
masters	1
supplice	1
sickens	1
feverishly	1
threading	1
ginevra	1
perch	1
stately	1
curate	1
cling	1
christening	1
coachman	1
quarters	1
profit	1
oblivion	1
cartridges	1
tubes	1
stateliness	1
secure	1
education	1
curl	1
lurid	1
failed	1
corps	1
1	1
teponaztli	1
amuse	1
citron	1
players	1
disused	1
bernal	1
label	1
majorca	1
recalled	1
sherard	1
phenomenon	1
selects	1
unwisely	1
dwelt	1
downwards	1
warnings	1
stacks	1
shrugging	1
environment	1
beryl	1
authority	1
ego	1
alders	1
sinners	1
deprived	1
smeared	1
haunts	1
tremulously	1
tapped	1
flowering	1
ribbed	1
blowing	1
demonstrated	1
fruit	1
vibrate	1
sang	1
rebuke	1
reappear	1
mentone	1
guest	1
authoritative	1
humility	1
covent	1
disapprove	1
harrowden	1
drawback	1
masks	1
keys	1
whorls	1
sailors	1
invitations	1
intense	1
penalty	1
hautbois	1
throne	1
sonorous	1
retreat	1
lordship	1
spell	1
unripe	1
scooped	1
restored	1
gasping	1
hinder	1
graces	1
squares	1
drummed	1
shouldering	1
happier	1
gnaw	1
murmuring	1
greeting	1
beam	1
invalid	1
coldness	1
satisfying	1
spices	1
circus	1
chuckled	1
timidly	1
rut	1
watchers	1
blackmailed	1
pursuit	1
wrenched	1
shrank	1
wreathed	1
refuge	1
urn	1
vermouth	1
spirited	1
oscar	1
gazette	1
lads	1
elagabalus	1
affirmative	1
pleasanter	1
required	1
blasphemy	1
orgies	1
distilling	1
conceal	1
grievance	1
bolted	1
paven	1
cured	1
resolved	1
tapers	1
floated	1
failures	1
troubling	1
beaten	1
tracked	1
rainbow	1
coil	1
declare	1
moist	1
accepting	1
tie	1
humped	1
bible	1
humiliation	1
caste	1
motion	1
compromised	1
rondes	1
scepticism	1
ploughman	1
gorges	1
blessing	1
presentation	1
maria	1
attain	1
comme	1
link	1
stirrups	1
capture	1
clericalis	1
arrangements	1
produces	1
notes	1
beautifully	1
sanguine	1
lining	1
dacca	1
corks	1
plied	1
smite	1
bulwark	1
loafers	1
snow	1
thee	1
sprawling	1
brawling	1
largest	1
whispers	1
delicacy	1
squander	1
disliked	1
edge	1
cibo	1
claws	1
prefer	1
hisses	1
improbable	1
native	1
leafless	1
flowered	1
slights	1
fondled	1
flake	1
unpunctuality	1
lays	1
surrendered	1
uncontrollable	1
ghostly	1
antiquity	1
darlington	1
plucking	1
suivant	1
raced	1
mantelpiece	1
ample	1
crinkled	1
tiptoe	1
cords	1
decline	1
cynic	1
momentary	1
clogged	1
fist	1
jacquemart	1
easel	1
tingling	1
faithfully	1
contemplation	1
ripple	1
faring	1
unable	1
disappeared	1
siphons	1
flushing	1
spends	1
guarded	1
root	1
victim	1
exaggerations	1
intellectually	1
champak	1
civilisation	1
cheroot	1
livery	1
crescent	1
moderation	1
wizen	1
steals	1
strawberry	1
disgracefully	1
beware	1
sorrier	1
stands	1
dearer	1
shutters	1
iv	1
halfway	1
mahogany	1
tannhäuser	1
strive	1
hermes	1
thirst	1
untarnished	1
amateur	1
moan	1
category	1
liberty	1
danby	1
discontent	1
adolphe	1
stealing	1
soulève	1
displayed	1
ringlets	1
prescriptions	1
tiled	1
devouring	1
prepared	1
palette	1
scheme	1
induced	1
irretrievable	1
wheel	1
distinctness	1
hast	1
curving	1
match	1
workings	1
invention	1
arbitrary	1
brawl	1
creaked	1
drifting	1
settled	1
veined	1
endures	1
lodge	1
stellated	1
florins	1
capacity	1
extending	1
modernity	1
tier	1
drum	1
melodramas	1
anne	1
temple	1
consulted	1
vinegar	1
wax	1
meloceus	1
notorious	1
fleck	1
accidental	1
waistcoat	1
tyranny	1
hospitable	1
omelette	1
adventurer	1
aid	1
insane	1
crash	1
awe	1
rendered	1
laying	1
englishman	1
varnish	1
eau	1
speck	1
wrist	1
sunburnt	1
folded	1
farmer	1
slander	1
michael	1
garrulous	1
wanes	1
sweetness	1
justified	1
unheeded	1
wills	1
washing	1
catherine	1
florizel	1
straightened	1
inwrought	1
pays	1
alice	1
housekeeper	1
splashed	1
xiv	1
emeraults	1
consolations	1
passionately	1
lies	1
number	1
hesitate	1
strides	1
civilisations	1
lilacs	1
decency	1
mexicans	1
harvest	1
reproaching	1
creator	1
disagree	1
path	1
balasses	1
tread	1
knit	1
musically	1
profligacy	1
pond	1
maiden	1
disks	1
beard	1
awoke	1
boniface	1
germany	1
pilier	1
conqueror	1
supped	1
accompaniment	1
neighbours	1
envy	1
prevent	1
humour	1
crates	1
giordano	1
ve	1
embroideries	1
antidote	1
approvingly	1
negro	1
sloping	1
excellently	1
compelled	1
escorted	1
waggons	1
stagnate	1
lido	1
rechristened	1
chose	1
rewrite	1
doge	1
sheet	1
clearly	1
belgian	1
puppet	1
miranda	1
catholic	1
confessions	1
powder	1
shun	1
calmly	1
sunstone	1
appearances	1
corporals	1
squat	1
grotesqueness	1
bordered	1
necessities	1
charmant	1
dipping	1
sailed	1
irresponsible	1
astrakhan	1
mouldings	1
wedding	1
wardour	1
entertaining	1
finds	1
luncheon	1
ungainly	1
ignoble	1
consideration	1
generation	1
bold	1
marring	1
shambled	1
cabmen	1
direct	1
berkshire	1
cobwebs	1
concentrate	1
preserves	1
teaching	1
presents	1
giants	1
telegraphed	1
hid	1
secrecy	1
humble	1
flapping	1
murky	1
trembles	1
fluted	1
chuck	1
chirruping	1
vision	1
throb	1
hooked	1
activity	1
enthralling	1
reserved	1
chapters	1
aloft	1
mall	1
exaggerated	1
vitæ	1
behave	1
waxed	1
languorous	1
alchemist	1
adopt	1
microscope	1
management	1
wooden	1
reproaches	1
crocus	1
believing	1
plants	1
oaths	1
beethoven	1
rebel	1
pin	1
weary	1
prate	1
torpid	1
chests	1
kindness	1
smooth	1
established	1
detesting	1
distrusted	1
resume	1
furrow	1
directness	1
presided	1
immortality	1
grumble	1
discovers	1
drowsily	1
sobs	1
objects	1
emathia	1
countrymen	1
preparation	1
tiaras	1
peasant	1
caligula	1
loyalty	1
directly	1
effects	1
roar	1
peridot	1
abject	1
rot	1
worm	1
depend	1
munificent	1
cares	1
inhales	1
negroes	1
saracen	1
jack	1
signifies	1
energy	1
diver	1
napkins	1
turmoil	1
malay	1
reputations	1
ondes	1
recently	1
pur	1
prattled	1
sugar	1
saucers	1
condition	1
saturnine	1
suspense	1
dreamily	1
poole	1
degenerate	1
anxiety	1
chariot	1
professions	1
hump	1
journey	1
sunless	1
conjectures	1
spider	1
encore	1
famous	1
john	1
secretary	1
mittens	1
platinum	1
telegram	1
project	1
tort	1
amarre	1
refusals	1
balls	1
wives	1
delhi	1
disk	1
grief	1
wedge	1
perforated	1
warbled	1
equalled	1
nymphs	1
idolatrous	1
tout	1
crow	1
measure	1
16	1
eighteenth	1
ford	1
consumption	1
irises	1
endure	1
diversity	1
bourdon	1
nottinghamshire	1
tightened	1
prophet	1
hounds	1
valois	1
christened	1
drenched	1
enslave	1
marionettes	1
deer	1
civil	1
shiny	1
grande	1
slept	1
pagan	1
straggling	1
scoundrel	1
conjecture	1
constable	1
hamilton	1
disquiet	1
applaud	1
strangeness	1
weakest	1
perfumed	1
promises	1
spikenard	1
seventh	1
wrap	1
twilight	1
vividly	1
slavery	1
latticed	1
courteous	1
charpentier	1
defines	1
profanation	1
dug	1
baronet	1
forgave	1
accurate	1
unsatisfied	1
faster	1
misunderstood	1
gusty	1
critic	1
invite	1
sympathies	1
precipice	1
willoughbys	1
victims	1
unconsciously	1
discussion	1
steal	1
articles	1
doleful	1
contrary	1
wool	1
vinaigrette	1
rod	1
similarly	1
inform	1
straw	1
sallow	1
furs	1
feeding	1
omens	1
robes	1
cosmopolitan	1
exotic	1
affectionate	1
5	1
defined	1
creeps	1
dogma	1
uselessness	1
selected	1
crouched	1
palmy	1
peacefully	1
banker	1
whims	1
arabesques	1
game	1
lending	1
conceive	1
drunkenness	1
distaff	1
clad	1
crouch	1
behaves	1
suis	1
bismuth	1
detestable	1
oppressed	1
glowed	1
eldest	1
fired	1
sixtus	1
risking	1
12	1
navarre	1
hylas	1
9	1
detected	1
claimed	1
cheated	1
definitions	1
spiritualise	1
rocks	1
pilgrims	1
gravel	1
comeliness	1
hesitation	1
fantastically	1
summoned	1
